SYMBOL,NAME OF COMPANY
20MICRONS,20 Microns 
21STCENMGM,21st Century Management Services 
360ONE,360 ONE WAM 
3IINFOLTD,3i Infotech 
3MINDIA,3M India 
3PLAND,3P Land Holdings 
5PAISA,5Paisa Capital 
63MOONS,63 moons technologies 
A2ZINFRA,A2Z Infra Engineering 
AAATECH,AAA Technologies 
AAKASH,Aakash Exploration Services 
AAREYDRUGS,Aarey Drugs & Pharmaceuticals 
AARON,Aaron Industries 
AARTECH,Aartech Solonics 
AARTIDRUGS,Aarti Drugs 
AARTIIND,Aarti Industries 
AARTIPHARM,Aarti Pharmalabs 
AARTISURF,Aarti Surfactants 
AARVEEDEN,Aarvee Denims & Exports 
AARVI,Aarvi Encon 
AAVAS,Aavas Financiers 
ABAN,Aban Offshore 
ABB,ABB India 
ABBOTINDIA,Abbott India 
ABCAPITAL,Aditya Birla Capital 
ABFRL,Aditya Birla Fashion and Retail 
ABMINTLLTD,ABM International 
ABSLAMC,Aditya Birla Sun Life AMC 
ACC,ACC 
ACCELYA,Accelya Solutions India 
ACCURACY,Accuracy Shipping 
ACE,Action Construction Equipment 
ACEINTEG,Ace Integrated Solutions 
ACI,Archean Chemical Industries 
ACL,Andhra Cements 
ACLGATI,Allcargo Gati 
ADANIENSOL,Adani Energy Solutions 
ADANIENT,Adani Enterprises 
ADANIGREEN,Adani Green Energy 
ADANIPORTS,Adani Ports and Special Economic Zone 
ADANIPOWER,Adani Power 
ADFFOODS,ADF Foods 
ADL,Archidply Decor 
ADORWELD,Ador Welding 
ADROITINFO,Adroit Infotech 
ADSL,Allied Digital Services 
ADVANIHOTR,Advani Hotels & Resorts (India) 
ADVENZYMES,Advanced Enzyme Technologies 
AEGISCHEM,Aegis Logistics 
AEROFLEX,Aeroflex Industries 
AETHER,Aether Industries 
AFFLE,Affle (India) 
AGARIND,Agarwal Industrial Corporation 
AGI,AGI Greenpac 
AGRITECH,Agri-Tech (India) 
AGROPHOS,Agro Phos India 
AGSTRA,AGS Transact Technologies 
AHL,Abans Holdings 
AHLADA,Ahlada Engineers 
AHLEAST,Asian Hotels (East) 
AHLUCONT,Ahluwalia Contracts (India) 
AIAENG,AIA Engineering 
AIRAN,Airan 
AIROLAM,Airo Lam 
AJANTPHARM,Ajanta Pharma 
AJMERA,Ajmera Realty & Infra India 
AJOONI,Ajooni Biotech 
AKASH,Akash Infra-Projects 
AKG,Akg Exim 
AKI,AKI India 
AKSHAR,Akshar Spintex 
AKSHARCHEM,AksharChem India 
AKSHOPTFBR,Aksh Optifibre 
AKZOINDIA,Akzo Nobel India 
ALANKIT,Alankit 
ALBERTDAVD,Albert David 
ALEMBICLTD,Alembic 
ALICON,Alicon Castalloy 
ALKALI,Alkali Metals 
ALKEM,Alkem Laboratories 
ALKYLAMINE,Alkyl Amines Chemicals 
ALLCARGO,Allcargo Logistics 
ALLSEC,Allsec Technologies 
ALMONDZ,Almondz Global Securities 
ALOKINDS,Alok Industries 
ALPA,Alpa Laboratories 
ALPHAGEO,Alphageo (India) 
ALPSINDUS,Alps Industries 
AMBER,Amber Enterprises India 
AMBICAAGAR,Ambica Agarbathies & Aroma industries 
AMBIKCO,Ambika Cotton Mills 
AMBUJACEM,Ambuja Cements 
AMDIND,AMD Industries 
AMIORG,Ami Organics 
AMJLAND,Amj Land Holdings 
AMNPLST,Amines & Plasticizers 
AMRUTANJAN,Amrutanjan Health Care 
ANANDRATHI,Anand Rathi Wealth 
ANANTRAJ,Anant Raj 
ANDHRAPAP,ANDHRA PAPER 
ANDHRSUGAR,The Andhra Sugars 
ANGELONE,Angel One 
ANIKINDS,Anik Industries 
ANKITMETAL,Ankit Metal & Power 
ANMOL,Anmol India 
ANTGRAPHIC,Antarctica 
ANUP,The Anup Engineering 
ANURAS,Anupam Rasayan India 
APARINDS,Apar Industries 
APCL,Anjani Portland Cement 
APCOTEXIND,Apcotex Industries 
APEX,Apex Frozen Foods 
APLAPOLLO,APL Apollo Tubes 
APLLTD,Alembic Pharmaceuticals 
APOLLO,Apollo Micro Systems 
APOLLOHOSP,Apollo Hospitals Enterprise 
APOLLOPIPE,Apollo Pipes 
APOLLOTYRE,Apollo Tyres 
APOLSINHOT,Apollo Sindoori Hotels 
APTECHT,Aptech 
APTUS,Aptus Value Housing Finance India 
ARCHIDPLY,Archidply Industries 
ARCHIES,Archies 
ARE&M,Amara Raja Energy & Mobility 
ARENTERP,Rajdarshan Industries 
ARIES,Aries Agro 
ARIHANTCAP,Arihant Capital Markets 
ARIHANTSUP,Arihant Superstructures 
ARMANFIN,Arman Financial Services 
AROGRANITE,Aro Granite Industries 
ARROWGREEN,Arrow Greentech 
ARSHIYA,Arshiya 
ARSSINFRA,ARSS Infrastructure Projects 
ARTEMISMED,Artemis Medicare Services 
ARTNIRMAN,Art Nirman 
ARVEE,Arvee Laboratories (India) 
ARVIND,Arvind 
ARVINDFASN,Arvind Fashions 
ARVSMART,Arvind SmartSpaces 
ASAHIINDIA,Asahi India Glass 
ASAHISONG,Asahi Songwon Colors 
ASAL,Automotive Stampings and Assemblies 
ASALCBR,Associated Alcohols & Breweries .
ASHAPURMIN,Ashapura Minechem 
ASHIANA,Ashiana Housing 
ASHIMASYN,Ashima 
ASHOKA,Ashoka Buildcon 
ASHOKAMET,Ashoka Metcast 
ASHOKLEY,Ashok Leyland 
ASIANENE,Asian Energy Services 
ASIANHOTNR,Asian Hotels (North) 
ASIANPAINT,Asian Paints 
ASIANTILES,Asian Granito India 
ASKAUTOLTD,ASK Automotive 
ASMS,Bartronics India 
ASPINWALL,Aspinwall and Company 
ASTEC,Astec LifeSciences 
ASTERDM,Aster DM Healthcare 
ASTRAL,Astral 
ASTRAMICRO,Astra Microwave Products 
ASTRAZEN,AstraZeneca Pharma India 
ASTRON,Astron Paper & Board Mill 
ATALREAL,Atal Realtech 
ATAM,Atam Valves 
ATFL,Agro Tech Foods 
ATGL,Adani Total Gas 
ATL,Allcargo Terminals 
ATLANTAA,ATLANTAA 
ATUL,Atul 
ATULAUTO,Atul Auto 
AUBANK,AU Small Finance Bank 
AURIONPRO,Aurionpro Solutions 
AUROPHARMA,Aurobindo Pharma 
AURUM,Aurum PropTech 
AUSOMENT,Ausom Enterprise 
AUTOAXLES,Automotive Axles 
AUTOIND,Autoline Industries 
AVADHSUGAR,Avadh Sugar & Energy 
AVALON,Avalon Technologies 
AVANTIFEED,Avanti Feeds 
AVG,AVG Logistics 
AVONMORE,Avonmore Capital & Management Services 
AVROIND,AVRO INDIA 
AVTNPL,AVT Natural Products 
AWHCL,Antony Waste Handling Cell 
AWL,Adani Wilmar 
AXISBANK,Axis Bank 
AXISCADES,AXISCADES Technologies 
AXITA,Axita Cotton 
AYMSYNTEX,AYM Syntex 
AZAD,Azad Engineering 
BAFNAPH,Bafna Pharmaceuticals 
BAGFILMS,B.A.G Films and Media 
BAIDFIN,Baid Finserv 
BAJAJ-AUTO,Bajaj Auto 
BAJAJCON,Bajaj Consumer Care 
BAJAJELEC,Bajaj Electricals 
BAJAJFINSV,Bajaj Finserv 
BAJAJHCARE,Bajaj Healthcare 
BAJAJHIND,Bajaj Hindusthan Sugar 
BAJAJHLDNG,Bajaj Holdings & Investment 
BAJEL,Bajel Projects 
BAJFINANCE,Bajaj Finance 
BALAJITELE,Balaji Telefilms 
BALAMINES,Balaji Amines 
BALAXI,BALAXI PHARMACEUTICALS 
BALKRISHNA,Balkrishna Paper Mills 
BALKRISIND,Balkrishna Industries 
BALMLAWRIE,Balmer Lawrie & Company 
BALPHARMA,Bal Pharma 
BALRAMCHIN,Balrampur Chini Mills 
BANARBEADS,Banaras Beads 
BANARISUG,Bannari Amman Sugars 
BANCOINDIA,Banco Products (I) 
BANDHANBNK,Bandhan Bank 
BANG,Bang Overseas 
BANKA,Banka BioLoo 
BANKBARODA,Bank of Baroda
BANKINDIA,Bank of India
BANSWRAS,Banswara Syntex 
BARBEQUE,Barbeque Nation Hospitality 
BASF,BASF India 
BASML,Bannari Amman Spinning Mills 
BATAINDIA,Bata India 
BAYERCROP,Bayer Cropscience 
BBL,Bharat Bijlee 
BBOX,Black Box 
BBTC,Bombay Burmah Trading Corporation 
BBTCL,B&B Triplewall Containers 
BCG,Brightcom Group 
BCLIND,Bcl Industries 
BCONCEPTS,Brand Concepts 
BDL,Bharat Dynamics 
BEARDSELL,Beardsell 
BECTORFOOD,Mrs. Bectors Food Specialities 
BEDMUTHA,Bedmutha Industries 
BEL,Bharat Electronics 
BEML,BEML 
BEPL,Bhansali Engineering Polymers 
BERGEPAINT,Berger Paints (I) 
BFINVEST,BF Investment 
BFUTILITIE,BF Utilities 
BGRENERGY,BGR Energy Systems 
BHAGCHEM,Bhagiradha Chemicals & Industries 
BHAGERIA,Bhageria Industries 
BHAGYANGR,Bhagyanagar India 
BHANDARI,Bhandari Hosiery Exports 
BHARATFORG,Bharat Forge 
BHARATGEAR,Bharat Gears 
BHARATRAS,Bharat Rasayan 
BHARATWIRE,Bharat Wire Ropes 
BHARTIARTL,Bharti Airtel 
BHEL,Bharat Heavy Electricals 
BIGBLOC,Bigbloc Construction 
BIKAJI,Bikaji Foods International 
BIL,Bhartiya International 
BINANIIND,Binani Industries 
BIOCON,Biocon 
BIOFILCHEM,Biofil Chemicals & Pharmaceuticals 
BIRLACABLE,Birla Cable 
BIRLACORPN,Birla Corporation 
BIRLAMONEY,Aditya Birla Money 
BKMINDST,Bkm Industries 
BLAL,BEML Land Assets 
BLBLIMITED,BLB 
BLISSGVS,Bliss GVS Pharma 
BLKASHYAP,B. L. Kashyap and Sons 
BLS,BLS International Services 
BLSE,BLS E-Services 
BLUECHIP,Blue Chip India 
BLUEDART,Blue Dart Express 
BLUEJET,Blue Jet Healthcare 
BLUESTARCO,Blue Star 
BODALCHEM,Bodal Chemicals 
BOHRAIND,Bohra Industries 
BOMDYEING,Bombay Dyeing & Mfg Company 
BOROLTD,Borosil 
BORORENEW,BOROSIL RENEWABLES 
BOSCHLTD,Bosch 
BPCL,Bharat Petroleum Corporation 
BPL,BPL 
BRIGADE,Brigade Enterprises 
BRITANNIA,Britannia Industries 
BRNL,Bharat Road Network 
BROOKS,Brooks Laboratories 
BSE,BSE 
BSHSL,Bombay Super Hybrid Seeds 
BSL,BSL 
BSOFT,BIRLASOFT 
BTML,Bodhi Tree Multimedia 
BURNPUR,Burnpur Cement 
BUTTERFLY,Butterfly Gandhimathi Appliances 
BVCL,Barak Valley Cements 
BYKE,The Byke Hospitality 
CALSOFT,California Software Company 
CAMLINFINE,Camlin Fine Sciences 
CAMPUS,Campus Activewear 
CAMS,Computer Age Management Services 
CANBK,Canara Bank
CANFINHOME,Can Fin Homes 
CANTABIL,Cantabil Retail India 
CAPACITE,Capacit'e Infraprojects 
CAPITALSFB,Capital Small Finance Bank 
CAPLIPOINT,Caplin Point Laboratories 
CAPTRUST,Capital Trust 
CARBORUNIV,Carborundum Universal 
CAREERP,Career Point 
CARERATING,CARE Ratings 
CARTRADE,Cartrade Tech 
CARYSIL,CARYSIL 
CASTROLIND,Castrol India 
CCHHL,Country Club Hospitality & Holidays 
CCL,CCL Products (India) 
CDSL,Central Depository Services (India) 
CEATLTD,CEAT 
CELEBRITY,Celebrity Fashions 
CELLO,Cello World 
CENTENKA,Century Enka 
CENTEXT,Century Extrusions 
CENTRALBK,Central Bank of India
CENTRUM,Centrum Capital 
CENTUM,Centum Electronics 
CENTURYPLY,Century Plyboards (India) 
CENTURYTEX,Century Textiles & Industries 
CERA,Cera Sanitaryware 
CEREBRAINT,Cerebra Integrated Technologies 
CESC,CESC 
CGCL,Capri Global Capital 
CGPOWER,CG Power and Industrial Solutions 
CHALET,Chalet Hotels 
CHAMBLFERT,Chambal Fertilizers & Chemicals 
CHEMBOND,Chembond Chemicals 
CHEMCON,Chemcon Speciality Chemicals 
CHEMFAB,Chemfab Alkalis 
CHEMPLASTS,Chemplast Sanmar 
CHENNPETRO,Chennai Petroleum Corporation 
CHEVIOT,Cheviot Company 
CHOICEIN,Choice International 
CHOLAFIN,Cholamandalam Investment and Finance Company 
CHOLAHLDNG,Cholamandalam Financial Holdings 
CIEINDIA,CIE Automotive India 
CIGNITITEC,Cigniti Technologies 
CINELINE,Cineline India 
CINEVISTA,Cinevista 
CIPLA,Cipla 
CLEAN,Clean Science and Technology 
CLEDUCATE,CL Educate 
CLSEL,Chaman Lal Setia Exports 
CMSINFO,CMS Info Systems 
COALINDIA,Coal India 
COASTCORP,Coastal Corporation 
COCHINSHIP,Cochin Shipyard 
COFFEEDAY,Coffee Day Enterprises 
COFORGE,Coforge 
COLPAL,Colgate Palmolive (India) 
COMPINFO,Compuage Infocom 
COMPUSOFT,Compucom Software 
COMSYN,Commercial Syn Bags 
CONCOR,Container Corporation of India 
CONCORDBIO,Concord Biotech 
CONFIPET,Confidence Petroleum India 
CONSOFINVT,Consolidated Finvest & Holdings 
CONTROLPR,Control Print 
CORALFINAC,Coral India Finance & Housing 
CORDSCABLE,Cords Cable Industries 
COROMANDEL,Coromandel International 
COSMOFIRST,COSMO FIRST 
COUNCODOS,Country Condo's 
CRAFTSMAN,Craftsman Automation 
CREATIVE,Creative Newtech 
CREATIVEYE,Creative Eye 
CREDITACC,CREDITACCESS GRAMEEN 
CREST,Crest Ventures 
CRISIL,CRISIL 
CROMPTON,Crompton Greaves Consumer Electricals 
CROWN,Crown Lifters 
CSBBANK,CSB Bank 
CSLFINANCE,CSL Finance 
CTE,Cambridge Technology Enterprises 
CUB,City Union Bank 
CUBEXTUB,Cubex Tubings 
CUMMINSIND,Cummins India 
CUPID,Cupid 
CYBERMEDIA,Cyber Media (India) 
CYBERTECH,Cybertech Systems And Software 
CYIENT,Cyient 
CYIENTDLM,Cyient DLM 
DABUR,Dabur India 
DALBHARAT,Dalmia Bharat 
DALMIASUG,Dalmia Bharat Sugar and Industries 
DAMODARIND,Damodar Industries 
DANGEE,Dangee Dums 
DATAMATICS,Datamatics Global Services 
DATAPATTNS,Data Patterns (India) 
DAVANGERE,Davangere Sugar Company 
DBCORP,D.B.Corp 
DBL,Dilip Buildcon 
DBOL,Dhampur Bio Organics 
DBREALTY,D B Realty 
DBSTOCKBRO,DB (International) Stock Brokers 
DCAL,Dishman Carbogen Amcis 
DCBBANK,DCB Bank 
DCI,Dc Infotech And Communication 
DCM,DCM  
DCMFINSERV,DCM Financial Services 
DCMNVL,DCM Nouvelle 
DCMSHRIRAM,DCM Shriram 
DCMSRIND,DCM Shriram Industries 
DCW,DCW 
DCXINDIA,DCX Systems 
DECCANCE,Deccan Cements 
DEEPAKFERT,Deepak Fertilizers and Petrochemicals Corporation 
DEEPAKNTR,Deepak Nitrite 
DEEPENR,DEEP ENERGY RESOURCES 
DEEPINDS,Deep Industries 
DELHIVERY,Delhivery 
DELPHIFX,DELPHI WORLD MONEY 
DELTACORP,Delta Corp 
DELTAMAGNT,Delta Manufacturing 
DEN,Den Networks 
DENORA,De Nora India 
DEVIT,Dev Information Technology 
DEVYANI,Devyani International 
DGCONTENT,Digicontent 
DHAMPURSUG,Dhampur Sugar Mills 
DHANBANK,Dhanlaxmi Bank 
DHANI,Dhani Services 
DHANUKA,Dhanuka Agritech 
DHARMAJ,Dharmaj Crop Guard 
DHRUV,Dhruv Consultancy Services 
DHUNINV,Dhunseri Investments 
DIACABS,Diamond Power Infrastructure 
DIAMINESQ,Diamines & Chemicals 
DIAMONDYD,Prataap Snacks 
DICIND,DIC India 
DIGIDRIVE,Digidrive Distributors 
DIGISPICE,DiGiSPICE Technologies 
DIGJAMLMTD,Digjam 
DIL,Debock Industries 
DISHTV,Dish TV India 
DIVGIITTS,Divgi Torqtransfer Systems 
DIVISLAB,Divi's Laboratories 
DIXON,Dixon Technologies (India) 
DJML,DJ Mediaprint & Logistics 
DLF,DLF 
DLINKINDIA,D-Link (India) 
DMART,Avenue Supermarts 
DMCC,DMCC SPECIALITY CHEMICALS 
DNAMEDIA,Diligent Media Corporation 
DODLA,Dodla Dairy 
DOLATALGO,Dolat Algotech 
DOLLAR,Dollar Industries 
DOLPHIN,Dolphin Offshore Enterprises (India) 
DOMS,DOMS Industries 
DONEAR,Donear Industries 
DPABHUSHAN,D. P. Abhushan 
DPSCLTD,DPSC 
DPWIRES,D P Wires 
DRCSYSTEMS,DRC Systems India 
DREAMFOLKS,Dreamfolks Services 
DREDGECORP,Dredging Corporation of India 
DRREDDY,Dr. Reddy's Laboratories 
DSSL,Dynacons Systems & Solutions 
DTIL,Dhunseri Tea & Industries 
DUCON,Ducon Infratechnologies 
DVL,Dhunseri Ventures 
DWARKESH,Dwarikesh Sugar Industries 
DYCL,Dynamic Cables 
DYNAMATECH,Dynamatic Technologies 
DYNPRO,Dynemic Products 
E2E,E2E Networks 
EASEMYTRIP,Easy Trip Planners 
ECLERX,eClerx Services 
EDELWEISS,Edelweiss Financial Services 
EDUCOMP,Educomp Solutions 
EICHERMOT,Eicher Motors 
EIDPARRY,EID Parry India 
EIFFL,Euro India Fresh Foods 
EIHAHOTELS,EIH Associated Hotels 
EIHOTEL,EIH 
EIMCOELECO,Eimco Elecon (India) 
EKC,Everest Kanto Cylinder 
ELDEHSG,Eldeco Housing And Industries 
ELECON,Elecon Engineering Company 
ELECTCAST,Electrosteel Castings 
ELECTHERM,Electrotherm (India) 
ELGIEQUIP,Elgi Equipments 
ELGIRUBCO,Elgi Rubber Company 
ELIN,Elin Electronics 
EMAMILTD,Emami 
EMAMIPAP,Emami Paper Mills 
EMAMIREAL,Emami Realty 
EMIL,Electronics Mart India 
EMKAY,Emkay Global Financial Services 
EMMBI,Emmbi Industries 
EMSLIMITED,EMS 
EMUDHRA,eMudhra 
ENDURANCE,Endurance Technologies 
ENERGYDEV,Energy Development Company 
ENGINERSIN,Engineers India 
ENIL,Entertainment Network (India) 
ENTERO,Entero Healthcare Solutions 
EPACK,EPACK Durable 
EPIGRAL,Epigral 
EPL,EPL 
EQUIPPP,Equippp Social Impact Technologies 
EQUITASBNK,Equitas Small Finance Bank 
ERIS,Eris Lifesciences 
EROSMEDIA,Eros International Media 
ESABINDIA,Esab India 
ESAFSFB,ESAF Small Finance Bank 
ESCORTS,Escorts Kubota 
ESSARSHPNG,Essar Shipping 
ESSENTIA,Integra Essentia 
ESTER,Ester Industries 
ETHOSLTD,Ethos 
EUROTEXIND,Eurotex Industries and Exports 
EVEREADY,Eveready Industries India 
EVERESTIND,Everest Industries 
EXCEL,Excel Realty N Infra 
EXCELINDUS,Excel Industries 
EXICOM,Exicom Tele-Systems 
EXIDEIND,Exide Industries 
EXPLEOSOL,Expleo Solutions 
EXXARO,Exxaro Tiles 
FACT,Fertilizers and Chemicals Travancore 
FAIRCHEMOR,Fairchem Organics 
FAZE3Q,Faze Three 
FCL,Fineotex Chemical 
FCONSUMER,Future Consumer 
FCSSOFT,FCS Software Solutions 
FDC,FDC 
FEDERALBNK,The Federal Bank  
FEDFINA,Fedbank Financial Services 
FEL,Future Enterprises 
FELDVR,Future Enterprises 
FIBERWEB,Fiberweb (India) 
FIEMIND,Fiem Industries 
FILATEX,Filatex India 
FINCABLES,Finolex Cables 
FINEORG,Fine Organic Industries 
FINOPB,Fino Payments Bank 
FINPIPE,Finolex Industries 
FIVESTAR,Five-Star Business Finance 
FLAIR,Flair Writing Industries 
FLEXITUFF,Flexituff Ventures International 
FLFL,Future Lifestyle Fashions 
FLUOROCHEM,Gujarat Fluorochemicals 
FMGOETZE,Federal-Mogul Goetze (India) .
FMNL,Future Market Networks 
FOCUS,Focus Lighting and Fixtures 
FOODSIN,Foods & Inns 
FORCEMOT,FORCE MOTORS 
FORTIS,Fortis Healthcare 
FOSECOIND,Foseco India 
FRETAIL,Future Retail 
FSC,Future Supply Chain Solutions 
FSL,Firstsource Solutions 
FUSION,Fusion Micro Finance 
GABRIEL,Gabriel India 
GAEL,Gujarat Ambuja Exports 
GAIL,GAIL (India) 
GALAXYSURF,Galaxy Surfactants 
GALLANTT,Gallantt Ispat 
GANDHAR,Gandhar Oil Refinery (India) 
GANDHITUBE,Gandhi Special Tubes 
GANECOS,Ganesha Ecosphere 
GANESHBE,Ganesh Benzoplast 
GANESHHOUC,Ganesh Housing Corporation 
GANGAFORGE,Ganga Forging 
GANGESSECU,Ganges Securities 
GARFIBRES,Garware Technical Fibres 
GATECH,GACM Technologies 
GATECHDVR,GACM Technologies 
GATEWAY,Gateway Distriparks 
GEECEE,GeeCee Ventures 
GEEKAYWIRE,Geekay Wires 
GENCON,Generic Engineering Construction and Projects 
GENESYS,Genesys International Corporation 
GENSOL,Gensol Engineering 
GENUSPAPER,Genus Paper & Boards 
GENUSPOWER,Genus Power Infrastructures 
GEOJITFSL,Geojit Financial Services 
GEPIL,GE Power India 
GESHIP,The Great Eastern Shipping Company 
GET&D,GE T&D India 
GFLLIMITED,GFL 
GHCL,GHCL 
GHCLTEXTIL,GHCL Textiles 
GICHSGFIN,GIC Housing Finance 
GICRE,General Insurance Corporation of India
GILLANDERS,Gillanders Arbuthnot & Company 
GILLETTE,Gillette India 
GINNIFILA,Ginni Filaments 
GIPCL,Gujarat Industries Power Company 
GKWLIMITED,GKW 
GLAND,Gland Pharma 
GLAXO,GlaxoSmithKline Pharmaceuticals 
GLENMARK,Glenmark Pharmaceuticals 
GLFL,Gujarat Lease Financing 
GLOBAL,Global Education 
GLOBALVECT,Global Vectra Helicorp 
GLOBE,Globe Textiles (India) 
GLOBE-RE,Globe Textiles -RE
GLOBUSSPR,Globus Spirits 
GLS,Glenmark Life Sciences 
GMBREW,GM Breweries 
GMDCLTD,Gujarat Mineral Development Corporation 
GMMPFAUDLR,GMM Pfaudler 
GMRINFRA,GMR Airports Infrastructure 
GMRP&UI,GMR Power and Urban Infra 
GNA,GNA Axles 
GNFC,Gujarat Narmada Valley Fertilizers and Chemicals 
GOACARBON,Goa Carbon 
GOCLCORP,GOCL Corporation 
GOCOLORS,Go Fashion (India) 
GODFRYPHLP,Godfrey Phillips India 
GODHA,Godha Cabcon & Insulation 
GODREJAGRO,Godrej Agrovet 
GODREJCP,Godrej Consumer Products 
GODREJIND,Godrej Industries 
GODREJPROP,Godrej Properties 
GOENKA,Goenka Diamond and Jewels 
GOKEX,Gokaldas Exports 
GOKUL,Gokul Refoils and Solvent 
GOKULAGRO,Gokul Agro Resources 
GOLDENTOBC,Golden Tobacco 
GOLDIAM,Goldiam International 
GOLDTECH,AION-TECH SOLUTIONS 
GOODLUCK,Goodluck India 
GOYALALUM,Goyal Aluminiums 
GPIL,Godawari Power And Ispat 
GPPL,Gujarat Pipavav Port 
GPTHEALTH,GPT Healthcare 
GPTINFRA,GPT Infraprojects 
GRANULES,Granules India 
GRAPHITE,Graphite India 
GRASIM,Grasim Industries 
GRAVITA,Gravita India 
GREAVESCOT,Greaves Cotton 
GREENLAM,Greenlam Industries 
GREENPANEL,Greenpanel Industries 
GREENPLY,Greenply Industries 
GREENPOWER,Orient Green Power Company 
GRINDWELL,Grindwell Norton 
GRINFRA,G R Infraprojects 
GRMOVER,GRM Overseas 
GROBTEA,The Grob Tea Company 
GRPLTD,GRP 
GRSE,Garden Reach Shipbuilders & Engineers 
GRWRHITECH,Garware Hi-Tech Films 
GSFC,Gujarat State Fertilizers & Chemicals 
GSLSU,Global Surfaces 
GSPL,Gujarat State Petronet 
GSS,GSS Infotech 
GTECJAINX,G-TEC JAINX EDUCATION 
GTL,GTL 
GTLINFRA,GTL Infrastructure 
GTPL,GTPL Hathway 
GUFICBIO,Gufic Biosciences 
GUJALKALI,Gujarat Alkalies and Chemicals 
GUJAPOLLO,Gujarat Apollo Industries 
GUJGASLTD,Gujarat Gas 
GUJRAFFIA,Gujarat Raffia Industries 
GULFOILLUB,Gulf Oil Lubricants India 
GULFPETRO,GP Petroleums 
GULPOLY,Gulshan Polyols 
GVKPIL,GVK Power & Infrastructure 
GVPTECH,GVP Infotech 
HAL,Hindustan Aeronautics 
HAPPSTMNDS,Happiest Minds Technologies 
HAPPYFORGE,Happy Forgings 
HARDWYN,Hardwyn India 
HARIOMPIPE,Hariom Pipe Industries 
HARRMALAYA,Harrisons  Malayalam 
HARSHA,Harsha Engineers International 
HATHWAY,Hathway Cable & Datacom 
HATSUN,Hatsun Agro Product 
HAVELLS,Havells India 
HAVISHA,Sri Havisha Hospitality and Infrastructure 
HBLPOWER,HBL Power Systems 
HBSL,HB Stockholdings 
HCC,Hindustan Construction Company 
HCG,Healthcare Global Enterprises 
HCL-INSYS,HCL Infosystems 
HCLTECH,HCL Technologies 
HDFCAMC,HDFC Asset Management Company 
HDFCBANK,HDFC Bank 
HDFCLIFE,HDFC Life Insurance Company 
HEADSUP,Heads UP Ventures 
HECPROJECT,HEC Infra Projects 
HEG,HEG 
HEIDELBERG,HeidelbergCement India 
HEMIPROP,Hemisphere Properties India 
HERANBA,Heranba Industries 
HERCULES,Hercules Hoists 
HERITGFOOD,Heritage Foods 
HEROMOTOCO,Hero MotoCorp 
HESTERBIO,Hester Biosciences 
HEUBACHIND,Heubach Colorants India 
HEXATRADEX,Hexa Tradex 
HFCL,HFCL 
HGINFRA,H.G. Infra Engineering 
HGS,Hinduja Global Solutions 
HIKAL,Hikal 
HIL,HIL 
HILTON,Hilton Metal Forging 
HIMATSEIDE,Himatsingka Seide 
HINDALCO,Hindalco Industries 
HINDCOMPOS,Hindustan Composites 
HINDCON,Hindcon Chemicals 
HINDCOPPER,Hindustan Copper 
HINDMOTORS,Hindustan Motors 
HINDOILEXP,Hindustan Oil Exploration Company 
HINDPETRO,Hindustan Petroleum Corporation 
HINDUNILVR,Hindustan Unilever 
HINDWAREAP,Hindware Home Innovation 
HINDZINC,Hindustan Zinc 
HIRECT,Hind Rectifiers 
HISARMETAL,Hisar Metal Industries 
HITECH,Hi-Tech Pipes 
HITECHCORP,Hitech Corporation 
HITECHGEAR,The Hi-Tech Gears 
HLEGLAS,HLE Glascoat 
HLVLTD,HLV 
HMAAGRO,HMA Agro Industries 
HMT,HMT 
HMVL,Hindustan Media Ventures 
HNDFDS,Hindustan Foods 
HOMEFIRST,Home First Finance Company India 
HONASA,Honasa Consumer 
HONAUT,Honeywell Automation India 
HONDAPOWER,Honda India Power Products 
HOVS,HOV Services 
HPAL,HP Adhesives 
HPIL,Hindprakash Industries 
HPL,HPL Electric & Power 
HSCL,Himadri Speciality Chemical 
HTMEDIA,HT Media 
HUBTOWN,Hubtown 
HUDCO,Housing & Urban Development Corporation 
HUHTAMAKI,Huhtamaki India 
HYBRIDFIN,Hybrid Financial Services 
IBREALEST,Indiabulls Real Estate 
IBULHSGFIN,Indiabulls Housing Finance 
ICDSLTD,ICDS 
ICEMAKE,Ice Make Refrigeration 
ICICIBANK,ICICI Bank 
ICICIGI,ICICI Lombard General Insurance Company 
ICICIPRULI,ICICI Prudential Life Insurance Company 
ICIL,Indo Count Industries 
ICRA,ICRA 
IDBI,IDBI Bank 
IDEA,Vodafone Idea 
IDEAFORGE,Ideaforge Technology 
IDFC,IDFC 
IDFCFIRSTB,IDFC First Bank 
IEL,Indiabulls Enterprises 
IEX,Indian Energy Exchange 
IFBAGRO,IFB Agro Industries 
IFBIND,IFB Industries 
IFCI,IFCI 
IFGLEXPOR,IFGL Refractories 
IGARASHI,Igarashi Motors India 
IGL,Indraprastha Gas 
IGPL,IG Petrochemicals 
IIFL,IIFL Finance 
IIFLSEC,IIFL Securities 
IITL,Industrial Investment Trust 
IKIO,IKIO Lighting 
IL&FSENGG,IL&FS Engineering and Construction Company 
IL&FSTRANS,IL&FS Transportation Networks 
IMAGICAA,Imagicaaworld Entertainment 
IMFA,Indian Metals & Ferro Alloys 
IMPAL,India Motor Parts and Accessories 
IMPEXFERRO,Impex Ferro Tech 
INCREDIBLE,INCREDIBLE INDUSTRIES 
INDBANK,Indbank Merchant Banking Services 
INDHOTEL,The Indian Hotels Company 
INDIACEM,The India Cements 
INDIAGLYCO,India Glycols 
INDIAMART,Indiamart Intermesh 
INDIANB,Indian Bank
INDIANCARD,Indian Card Clothing Company 
INDIANHUME,Indian Hume Pipe Company 
INDIASHLTR,India Shelter Finance Corporation 
INDIGO,InterGlobe Aviation 
INDIGOPNTS,Indigo Paints 
INDNIPPON,India Nippon Electricals 
INDOAMIN,Indo Amines 
INDOBORAX,Indo Borax & Chemicals 
INDOCO,Indoco Remedies 
INDORAMA,Indo Rama Synthetics (India) 
INDOSTAR,IndoStar Capital Finance 
INDOTECH,Indo Tech Transformers 
INDOTHAI,Indo Thai Securities 
INDOWIND,Indowind Energy 
INDRAMEDCO,Indraprastha Medical Corporation 
INDSWFTLAB,Ind-Swift Laboratories 
INDSWFTLTD,Ind-Swift 
INDTERRAIN,Indian Terrain Fashions 
INDUSINDBK,IndusInd Bank 
INDUSTOWER,Indus Towers 
INFIBEAM,Infibeam Avenues 
INFOBEAN,InfoBeans Technologies 
INFOMEDIA,Infomedia Press 
INFY,Infosys 
INGERRAND,Ingersoll Rand (India) 
INNOVACAP,Innova Captab 
INOXGREEN,Inox Green Energy Services 
INOXINDIA,INOX India 
INOXWIND,Inox Wind 
INSECTICID,Insecticides (India) 
INTELLECT,Intellect Design Arena 
INTENTECH,Intense Technologies 
INTLCONV,International Conveyors 
INVENTURE,Inventure Growth & Securities 
IOB,Indian Overseas Bank
IOC,Indian Oil Corporation 
IOLCP,IOL Chemicals and Pharmaceuticals 
IONEXCHANG,ION Exchange (India) 
IPCALAB,IPCA Laboratories 
IPL,India Pesticides 
IRB,IRB Infrastructure Developers 
IRCON,Ircon International 
IRCTC,Indian Railway Catering And Tourism Corporation 
IREDA,Indian Renewable Energy Development Agency 
IRFC,Indian Railway Finance Corporation 
IRIS,Iris Business Services 
IRISDOREME,Iris Clothings 
IRMENERGY,IRM Energy 
ISEC,ICICI Securities 
ISFT,Intrasoft Technologies 
ISGEC,Isgec Heavy Engineering 
ISMTLTD,ISMT 
ITC,ITC 
ITDC,India Tourism Development Corporation 
ITDCEM,ITD Cementation India 
ITI,ITI 
IVC,IL&FS Investment Managers 
IVP,IVP 
IWEL,Inox Wind Energy 
IZMO,IZMO 
J&KBANK,The Jammu & Kashmir Bank 
JAGRAN,Jagran Prakashan 
JAGSNPHARM,Jagsonpal Pharmaceuticals 
JAIBALAJI,Jai Balaji Industries 
JAICORPLTD,Jai Corp 
JAIPURKURT,Nandani Creation 
JAMNAAUTO,Jamna Auto Industries 
JASH,Jash Engineering 
JAYAGROGN,Jayant Agro Organics 
JAYBARMARU,Jay Bharat Maruti 
JAYNECOIND,Jayaswal Neco Industries 
JAYSREETEA,Jayshree Tea & Industries 
JBCHEPHARM,JB Chemicals & Pharmaceuticals 
JBMA,JBM Auto 
JCHAC,Johnson Controls - Hitachi Air Conditioning India 
JETAIRWAYS,Jet Airways (India) 
JETFREIGHT,Jet Freight Logistics 
JHS,JHS Svendgaard Laboratories 
JINDALPHOT,Jindal Photo 
JINDALPOLY,Jindal Poly Films 
JINDALSAW,Jindal Saw 
JINDALSTEL,Jindal Steel & Power 
JINDRILL,Jindal Drilling And Industries 
JINDWORLD,Jindal Worldwide 
JIOFIN,Jio Financial Services 
JISLDVREQS,Jain Irrigation Systems 
JISLJALEQS,Jain Irrigation Systems 
JITFINFRA,JITF Infralogistics 
JKCEMENT,JK Cement 
JKIL,J.Kumar Infraprojects 
JKLAKSHMI,JK Lakshmi Cement 
JKPAPER,JK Paper 
JKTYRE,JK Tyre & Industries 
JLHL,Jupiter Life Line Hospitals 
JMA,Jullundur Motor Agency (Delhi) 
JMFINANCIL,JM Financial 
JOCIL,Jocil 
JPASSOCIAT,Jaiprakash Associates 
JPOLYINVST,Jindal Poly Investment and Finance Company 
JPPOWER,Jaiprakash Power Ventures 
JSFB,Jana Small Finance Bank 
JSL,Jindal Stainless 
JSWENERGY,JSW Energy 
JSWHL,JSW Holdings 
JSWINFRA,JSW Infrastructure 
JSWSTEEL,JSW Steel 
JTEKTINDIA,Jtekt India 
JTLIND,JTL INDUSTRIES 
JUBLFOOD,Jubilant Foodworks 
JUBLINDS,Jubilant Industries 
JUBLINGREA,Jubilant Ingrevia 
JUBLPHARMA,Jubilant Pharmova 
JUNIPER,Juniper Hotels 
JUSTDIAL,Just Dial 
JWL,Jupiter Wagons 
JYOTHYLAB,Jyothy Labs 
JYOTICNC,Jyoti CNC Automation 
JYOTISTRUC,Jyoti Structures 
KABRAEXTRU,Kabra Extrusion Technik 
KAJARIACER,Kajaria Ceramics 
KAKATCEM,Kakatiya Cement Sugar & Industries 
KALAMANDIR,Sai Silks (Kalamandir) 
KALYANI,Kalyani Commercials 
KALYANIFRG,Kalyani Forge 
KALYANKJIL,Kalyan Jewellers India 
KAMATHOTEL,Kamat Hotels (I) 
KAMDHENU,Kamdhenu 
KAMOPAINTS,Kamdhenu Ventures 
KANANIIND,Kanani Industries 
KANORICHEM,Kanoria Chemicals & Industries 
KANPRPLA,Kanpur Plastipack 
KANSAINER,Kansai Nerolac Paints 
KAPSTON,Kapston Services 
KARMAENG,Karma Energy 
KARURVYSYA,Karur Vysya Bank 
KAUSHALYA,Kaushalya Infrastructure Development Corporation 
KAVVERITEL,Kavveri Telecom Products 
KAYA,Kaya 
KAYNES,Kaynes Technology India 
KBCGLOBAL,KBC Global 
KCP,KCP 
KCPSUGIND,KCP Sugar and Industries Corporation 
KDDL,KDDL 
KEC,KEC International 
KECL,Kirloskar Electric Company 
KEEPLEARN,DSJ Keep Learning 
KEI,KEI Industries 
KELLTONTEC,Kellton Tech Solutions 
KERNEX,Kernex Microsystems (India) 
KESORAMIND,Kesoram Industries 
KEYFINSERV,Keynote Financial Services 
KFINTECH,Kfin Technologies 
KHADIM,Khadim India 
KHAICHEM,Khaitan Chemicals & Fertilizers 
KHAITANLTD,Khaitan (India) 
KHANDSE,Khandwala Securities 
KICL,Kalyani Investment Company 
KILITCH,Kilitch Drugs (India) 
KIMS,Krishna Institute of Medical Sciences 
KINGFA,Kingfa Science & Technology (India) 
KIOCL,KIOCL 
KIRIINDUS,Kiri Industries 
KIRLOSBROS,Kirloskar Brothers 
KIRLOSENG,Kirloskar Oil Engines 
KIRLOSIND,Kirloskar Industries 
KIRLPNU,Kirloskar Pneumatic Company 
KITEX,Kitex Garments 
KKCL,Kewal Kiran Clothing 
KMSUGAR,K.M.Sugar Mills 
KNRCON,KNR Constructions 
KOHINOOR,Kohinoor Foods 
KOKUYOCMLN,Kokuyo Camlin 
KOLTEPATIL,Kolte - Patil Developers 
KOPRAN,Kopran 
KOTAKBANK,Kotak Mahindra Bank 
KOTARISUG,Kothari Sugars And Chemicals 
KOTHARIPET,Kothari Petrochemicals 
KOTHARIPRO,Kothari Products 
KPIGREEN,KPI Green Energy 
KPIL,Kalpataru Projects International 
KPITTECH,KPIT Technologies 
KPRMILL,K.P.R. Mill 
KRBL,KRBL 
KREBSBIO,Krebs Biochemicals and Industries 
KRIDHANINF,Kridhan Infra 
KRISHANA,Krishana Phoschem 
KRITI,Kriti Industries (India) 
KRITIKA,Kritika Wires 
KRITINUT,Kriti Nutrients 
KRSNAA,Krsnaa Diagnostics 
KSB,Ksb 
KSCL,Kaveri Seed Company 
KSHITIJPOL,Kshitij Polyline 
KSL,Kalyani Steels 
KSOLVES,Ksolves India 
KTKBANK,The Karnataka Bank 
KUANTUM,Kuantum Papers 
L&TFH,L&T Finance Holdings 
LAGNAM,Lagnam Spintex 
LAKPRE,Lakshmi Precision Screws 
LAL,Lorenzini Apparels 
LALPATHLAB,Dr. Lal Path Labs .
LAMBODHARA,Lambodhara Textiles 
LANDMARK,Landmark Cars 
LAOPALA,La Opala RG 
LASA,Lasa Supergenerics 
LATENTVIEW,Latent View Analytics 
LATTEYS,Latteys Industries 
LAURUSLABS,Laurus Labs 
LAXMICOT,Laxmi Cotspin 
LAXMIMACH,Lakshmi Machine Works 
LCCINFOTEC,LCC Infotech 
LEMONTREE,Lemon Tree Hotels 
LEXUS,Lexus Granito (India) 
LFIC,Lakshmi Finance & Industrial Corporation 
LGBBROSLTD,LG Balakrishnan & Bros 
LGBFORGE,LGB Forge 
LGHL,Laxmi Goldorna House 
LIBAS,Libas Consumer Products 
LIBERTSHOE,Liberty Shoes 
LICHSGFIN,LIC Housing Finance 
LICI,Life Insurance Corporation Of India
LIKHITHA,Likhitha Infrastructure 
LINC,Linc 
LINCOLN,Lincoln Pharmaceuticals 
LINDEINDIA,Linde India 
LLOYDSENGG,LLOYDS ENGINEERING WORKS 
LLOYDSME,Lloyds Metals And Energy 
LODHA,Macrotech Developers 
LOKESHMACH,Lokesh Machines 
LORDSCHLO,Lords Chloro Alkali 
LOTUSEYE,Lotus Eye Hospital and Institute 
LOVABLE,Lovable Lingerie 
LOYALTEX,Loyal Textile Mills 
LPDC,Landmark Property Development Company 
LT,Larsen & Toubro 
LTFOODS,LT Foods 
LTIM,LTIMindtree 
LTTS,L&T Technology Services 
LUMAXIND,Lumax Industries 
LUMAXTECH,Lumax Auto Technologies 
LUPIN,Lupin 
LUXIND,Lux Industries 
LXCHEM,Laxmi Organic Industries 
LYKALABS,Lyka Labs 
LYPSAGEMS,Lypsa Gems & Jewellery 
M&M,Mahindra & Mahindra 
M&MFIN,Mahindra & Mahindra Financial Services 
MAANALU,Maan Aluminium 
MACPOWER,Macpower CNC Machines 
MADHAV,Madhav Marbles and Granites 
MADHUCON,Madhucon Projects 
MADRASFERT,Madras Fertilizers 
MAGADSUGAR,Magadh Sugar & Energy 
MAGNUM,Magnum Ventures 
MAHABANK,Bank of Maharashtra
MAHAPEXLTD,Maha Rashtra Apex Corporation 
MAHASTEEL,Mahamaya Steel Industries 
MAHEPC,Mahindra EPC Irrigation 
MAHESHWARI,Maheshwari Logistics 
MAHLIFE,Mahindra Lifespace Developers 
MAHLOG,Mahindra Logistics 
MAHSCOOTER,Maharashtra Scooters 
MAHSEAMLES,Maharashtra Seamless 
MAITHANALL,Maithan Alloys 
MALLCOM,Mallcom (India) 
MALUPAPER,Malu Paper Mills 
MANAKALUCO,Manaksia Aluminium Company 
MANAKCOAT,Manaksia Coated Metals & Industries 
MANAKSIA,Manaksia 
MANAKSTEEL,Manaksia Steels 
MANALIPETC,Manali Petrochemicals 
MANAPPURAM,Manappuram Finance 
MANGALAM,Mangalam Drugs And Organics 
MANGCHEFER,Mangalore Chemicals & Fertilizers 
MANGLMCEM,Mangalam Cement 
MANINDS,Man Industries (India) 
MANINFRA,Man Infraconstruction 
MANKIND,Mankind Pharma 
MANOMAY,Manomay Tex India 
MANORAMA,Manorama Industries 
MANORG,Mangalam Organics 
MANUGRAPH,Manugraph India 
MANYAVAR,Vedant Fashions 
MAPMYINDIA,C.E. Info Systems 
MARALOVER,Maral Overseas 
MARATHON,Marathon Nextgen Realty 
MARICO,Marico 
MARINE,Marine Electricals (India) 
MARKSANS,Marksans Pharma 
MARSHALL,Marshall Machines 
MARUTI,Maruti Suzuki India 
MASFIN,MAS Financial Services 
MASTEK,Mastek 
MATRIMONY,Matrimony.Com 
MAWANASUG,Mawana Sugars 
MAXESTATES,Max Estates 
MAXHEALTH,Max Healthcare Institute 
MAXIND,Max India 
MAYURUNIQ,Mayur Uniquoters 
MAZDA,Mazda 
MAZDOCK,Mazagon Dock Shipbuilders 
MBAPL,Madhya Bharat Agro Products 
MBECL,Mcnally Bharat Engineering Company 
MBLINFRA,MBL Infrastructure 
MCDOWELL-N,United Spirits 
MCL,Madhav Copper 
MCLEODRUSS,Mcleod Russel India 
MCX,Multi Commodity Exchange of India 
MEDANTA,Global Health 
MEDIASSIST,Medi Assist Healthcare Services 
MEDICAMEQ,Medicamen Biotech 
MEDICO,Medico Remedies 
MEDPLUS,Medplus Health Services 
MEGASOFT,Megasoft 
MEGASTAR,Megastar Foods 
MELSTAR,Melstar Information Technologies 
MENONBE,Menon Bearings 
MEP,MEP Infrastructure Developers 
METALFORGE,Metalyst Forgings 
METROBRAND,Metro Brands 
METROPOLIS,Metropolis Healthcare 
MFSL,Max Financial Services 
MGEL,Mangalam Global Enterprise 
MGL,Mahanagar Gas 
MHLXMIRU,Mahalaxmi Rubtech 
MHRIL,Mahindra Holidays & Resorts India 
MICEL,MIC Electronics 
MIDHANI,Mishra Dhatu Nigam 
MINDACORP,Minda Corporation 
MINDTECK,Mindteck (India) 
MIRCELECTR,MIRC Electronics 
MIRZAINT,Mirza International 
MITCON,MITCON Consultancy & Engineering Services 
MITTAL,Mittal Life Style 
MKPL,M K Proteins 
MMFL,MM Forgings 
MMP,MMP Industries 
MMTC,MMTC 
MODIRUBBER,Modi Rubber 
MODISONLTD,MODISON 
MODTHREAD,Modern Threads (India) 
MOHITIND,Mohit Industries 
MOIL,MOIL 
MOKSH,Moksh Ornaments 
MOL,Meghmani Organics 
MOLDTECH,Mold-Tek Technologies 
MOLDTKPAC,Mold-Tek Packaging 
MONARCH,Monarch Networth Capital 
MONTECARLO,Monte Carlo Fashions 
MORARJEE,Morarjee Textiles 
MOREPENLAB,Morepen Laboratories 
MOTHERSON,Samvardhana Motherson International 
MOTILALOFS,Motilal Oswal Financial Services 
MOTISONS,Motisons Jewellers 
MOTOGENFIN,The Motor & General Finance 
MPHASIS,MphasiS 
MPSLTD,MPS 
MRF,MRF 
MRO-TEK,MRO-TEK Realty 
MRPL,Mangalore Refinery and Petrochemicals 
MSPL,MSP Steel & Power 
MSTCLTD,Mstc 
MSUMI,Motherson Sumi Wiring India 
MTARTECH,Mtar Technologies 
MTEDUCARE,MT Educare 
MTNL,Mahanagar Telephone Nigam 
MUFIN,Mufin Green Finance 
MUFTI,Credo Brands Marketing 
MUKANDLTD,Mukand 
MUKKA,Mukka Proteins 
MUKTAARTS,Mukta Arts 
MUNJALAU,Munjal Auto Industries 
MUNJALSHOW,Munjal Showa 
MURUDCERA,Murudeshwar Ceramics 
MUTHOOTCAP,Muthoot Capital Services 
MUTHOOTFIN,Muthoot Finance 
MUTHOOTMF,Muthoot Microfin 
MVGJL,Manoj Vaibhav Gems N Jewellers 
NACLIND,NACL Industries 
NAGAFERT,Nagarjuna Fertilizers and Chemicals 
NAGREEKCAP,Nagreeka Capital & Infrastructure 
NAGREEKEXP,Nagreeka Exports 
NAHARCAP,Nahar Capital and Financial Services 
NAHARINDUS,Nahar Industrial Enterprises 
NAHARPOLY,Nahar Poly Films 
NAHARSPING,Nahar Spinning Mills 
NAM-INDIA,Nippon Life India Asset Management 
NARMADA,Narmada Agrobase 
NATCOPHARM,Natco Pharma 
NATHBIOGEN,Nath Bio-Genes (India) 
NATIONALUM,National Aluminium Company 
NAUKRI,Info Edge (India) 
NAVA,NAVA 
NAVINFLUOR,Navin Fluorine International 
NAVKARCORP,Navkar Corporation 
NAVNETEDUL,Navneet Education 
NAZARA,Nazara Technologies 
NBCC,NBCC (India) 
NBIFIN,N. B. I. Industrial Finance Company 
NCC,NCC 
NCLIND,NCL Industries 
NDGL,Naga Dhunseri Group 
NDL,Nandan Denim 
NDLVENTURE,NDL Ventures 
NDRAUTO,Ndr Auto Components 
NDTV,New Delhi Television 
NECCLTD,North Eastern Carrying Corporation 
NECLIFE,Nectar Lifesciences 
NELCAST,Nelcast 
NELCO,NELCO 
NEOGEN,Neogen Chemicals 
NESCO,Nesco 
NESTLEIND,Nestle India 
NETWEB,Netweb Technologies India 
NETWORK18,Network18 Media & Investments 
NEULANDLAB,Neuland Laboratories 
NEWGEN,Newgen Software Technologies 
NEXTMEDIA,Next Mediaworks 
NFL,National Fertilizers 
NGIL,Nakoda Group of Industries 
NGLFINE,NGL Fine-Chem 
NH,Narayana Hrudayalaya .
NHPC,NHPC 
NIACL,The New India Assurance Company 
NIBL,NRB Industrial Bearings 
NIITLTD,NIIT 
NIITMTS,NIIT Learning Systems 
NILAINFRA,Nila Infrastructures 
NILASPACES,Nila Spaces 
NILKAMAL,Nilkamal 
NINSYS,NINtec Systems 
NIPPOBATRY,Indo-National 
NIRAJ,Niraj Cement Structurals 
NIRAJISPAT,Niraj Ispat Industries 
NITCO,Nitco 
NITINSPIN,Nitin Spinners 
NITIRAJ,Nitiraj Engineers 
NKIND,NK Industries 
NLCINDIA,NLC India 
NMDC,NMDC 
NOCIL,NOCIL 
NOIDATOLL,Noida Toll Bridge Company 
NORBTEAEXP,Norben Tea & Exports 
NOVAAGRI,Nova Agritech 
NRAIL,N R Agarwal Industries 
NRBBEARING,NRB Bearing 
NRL,Nupur Recyclers 
NSIL,Nalwa Sons Investments 
NSLNISP,NMDC Steel 
NTPC,NTPC 
NUCLEUS,Nucleus Software Exports 
NURECA,Nureca 
NUVAMA,Nuvama Wealth Management 
NUVOCO,Nuvoco Vistas Corporation 
NYKAA,FSN E-Commerce Ventures 
OAL,Oriental Aromatics 
OBCL,Orissa Bengal Carrier 
OBEROIRLTY,Oberoi Realty 
OCCL,Oriental Carbon & Chemicals 
OFSS,Oracle Financial Services Software 
OIL,Oil India 
OILCOUNTUB,Oil Country Tubular 
OLECTRA,Olectra Greentech 
OMAXAUTO,Omax Autos 
OMAXE,Omaxe 
OMINFRAL,OM INFRA 
OMKARCHEM,Omkar Speciality Chemicals 
ONELIFECAP,Onelife Capital Advisors 
ONEPOINT,One Point One Solutions 
ONGC,Oil & Natural Gas Corporation 
ONMOBILE,OnMobile Global 
ONWARDTEC,Onward Technologies 
OPTIEMUS,Optiemus Infracom 
ORBTEXP,Orbit Exports 
ORCHPHARMA,Orchid Pharma 
ORICONENT,Oricon Enterprises 
ORIENTALTL,Oriental Trimex 
ORIENTBELL,Orient Bell 
ORIENTCEM,Orient Cement 
ORIENTCER,ORIENT CERATECH 
ORIENTELEC,Orient Electric 
ORIENTHOT,Oriental Hotels 
ORIENTLTD,Orient Press 
ORIENTPPR,Orient Paper & Industries 
ORISSAMINE,The Orissa Minerals Development Company 
ORTINLAB,Ortin Laboratories 
OSIAHYPER,Osia Hyper Retail 
OSWALAGRO,Oswal Agro Mills 
OSWALGREEN,Oswal Greentech 
OSWALSEEDS,ShreeOswal Seeds And Chemicals 
PAGEIND,Page Industries 
PAISALO,Paisalo Digital 
PAKKA,PAKKA 
PALASHSECU,Palash Securities 
PALREDTEC,Palred Technologies 
PANACEABIO,Panacea Biotec 
PANACHE,Panache Digilife 
PANAMAPET,Panama Petrochem 
PANSARI,Pansari Developers 
PAR,Par Drugs And Chemicals 
PARACABLES,Paramount Communications 
PARADEEP,Paradeep Phosphates 
PARAGMILK,Parag Milk Foods 
PARAS,Paras Defence and Space Technologies 
PARASPETRO,Paras Petrofils 
PARKHOTELS,Apeejay Surrendra Park Hotels 
PARSVNATH,Parsvnath Developers 
PASUPTAC,Pasupati Acrylon 
PATANJALI,Patanjali Foods 
PATELENG,Patel Engineering 
PATINTLOG,Patel Integrated Logistics 
PAVNAIND,Pavna Industries 
PAYTM,One 97 Communications 
PCBL,PCBL 
PCJEWELLER,PC Jeweller 
PDMJEPAPER,Pudumjee Paper Products 
PDSL,PDS 
PEARLPOLY,Pearl Polymers 
PEL,Piramal Enterprises 
PENIND,Pennar Industries 
PENINLAND,Peninsula Land 
PERSISTENT,Persistent Systems 
PETRONET,Petronet LNG 
PFC,Power Finance Corporation 
PFIZER,Pfizer 
PFOCUS,Prime Focus 
PFS,PTC India Financial Services 
PGEL,PG Electroplast 
PGHH,Procter & Gamble Hygiene and Health Care 
PGHL,Procter & Gamble Health 
PGIL,Pearl Global Industries 
PHOENIXLTD,The Phoenix Mills 
PIDILITIND,Pidilite Industries 
PIGL,Power & Instrumentation (Gujarat) 
PIIND,PI Industries 
PILANIINVS,Pilani Investment and Industries Corporation 
PILITA,PIL ITALICA LIFESTYLE 
PIONEEREMB,Pioneer Embroideries 
PITTIENG,Pitti Engineering 
PIXTRANS,Pix Transmissions 
PKTEA,The Peria Karamalai Tea & Produce Company 
PLASTIBLEN,Plastiblends India 
PLATIND,Platinum Industries 
PLAZACABLE,Plaza Wires 
PNB,Punjab National Bank
PNBGILTS,PNB Gilts 
PNBHOUSING,PNB Housing Finance 
PNC,Pritish Nandy Communications 
PNCINFRA,PNC Infratech 
POCL,Pondy Oxides & Chemicals 
PODDARHOUS,Poddar Housing and Development 
PODDARMENT,Poddar Pigments 
POKARNA,Pokarna 
POLICYBZR,PB Fintech 
POLYCAB,Polycab India 
POLYMED,Poly Medicure 
POLYPLEX,Polyplex Corporation 
PONNIERODE,Ponni Sugars (Erode) 
POONAWALLA,Poonawalla Fincorp 
POWERGRID,Power Grid Corporation of India 
POWERINDIA,Hitachi Energy India 
POWERMECH,Power Mech Projects 
PPAP,PPAP Automotive 
PPL,Prakash Pipes 
PPLPHARMA,Piramal Pharma 
PRAENG,Prajay Engineers Syndicate 
PRAJIND,Praj Industries 
PRAKASH,Prakash Industries 
PRAKASHSTL,Prakash Steelage 
PRAXIS,Praxis Home Retail 
PRECAM,Precision Camshafts 
PRECOT,Precot 
PRECWIRE,Precision Wires India 
PREMEXPLN,Premier Explosives 
PREMIER,Premier 
PREMIERPOL,Premier Polyfilm 
PRESTIGE,Prestige Estates Projects 
PRICOLLTD,Pricol 
PRIMESECU,Prime Securities 
PRINCEPIPE,Prince Pipes And Fittings 
PRITI,Priti International 
PRITIKAUTO,Pritika Auto Industries 
PRIVISCL,Privi Speciality Chemicals 
PROZONER,Prozone Realty 
PRSMJOHNSN,Prism Johnson 
PRUDENT,Prudent Corporate Advisory Services 
PRUDMOULI,Prudential Sugar Corporation 
PSB,Punjab & Sind Bank
PSPPROJECT,PSP Projects 
PTC,PTC India 
PTCIL,PTC Industries 
PTL,PTL Enterprises 
PUNJABCHEM,Punjab Chemicals & Crop Protection 
PURVA,Puravankara 
PVP,PVP Ventures 
PVRINOX,PVR INOX 
PYRAMID,Pyramid Technoplast 
QUESS,Quess Corp 
QUICKHEAL,Quick Heal Technologies 
RACE,Race Eco Chain 
RADHIKAJWE,Radhika Jeweltech 
RADIANTCMS,Radiant Cash Management Services 
RADICO,Radico Khaitan 
RADIOCITY,Music Broadcast 
RAILTEL,Railtel Corporation Of India 
RAIN,Rain Industries 
RAINBOW,Rainbow Childrens Medicare 
RAJESHEXPO,Rajesh Exports 
RAJMET,Rajnandini Metal 
RAJRATAN,Rajratan Global Wire 
RAJRILTD,Raj Rayon Industries 
RAJSREESUG,Rajshree Sugars & Chemicals 
RAJTV,Raj Television Network 
RALLIS,Rallis India 
RAMANEWS,Shree Rama Newsprint 
RAMAPHO,Rama Phosphates 
RAMASTEEL,Rama Steel Tubes 
RAMCOCEM,The Ramco Cements 
RAMCOIND,Ramco Industries 
RAMCOSYS,Ramco Systems 
RAMKY,Ramky Infrastructure 
RAMRAT,Ram Ratna Wires 
RANASUG,Rana Sugars 
RANEENGINE,Rane Engine Valve 
RANEHOLDIN,Rane Holdings 
RATEGAIN,Rategain Travel Technologies 
RATNAMANI,Ratnamani Metals & Tubes 
RATNAVEER,Ratnaveer Precision Engineering 
RAYMOND,Raymond 
RBA,Restaurant Brands Asia 
RBL,Rane Brake Lining 
RBLBANK,RBL Bank 
RBZJEWEL,RBZ Jewellers 
RCF,Rashtriya Chemicals and Fertilizers 
RECLTD,REC 
REDINGTON,Redington 
REDTAPE,Redtape 
REFEX,Refex Industries 
REGENCERAM,Regency Ceramics 
RELAXO,Relaxo Footwears 
RELCHEMQ,Reliance Chemotex Industries 
RELIANCE,Reliance Industries 
RELIGARE,Religare Enterprises 
RELINFRA,Reliance Infrastructure 
REMSONSIND,Remsons Industries 
RENUKA,Shree Renuka Sugars 
REPCOHOME,Repco Home Finance 
REPL,Rudrabhishek Enterprises 
REPRO,Repro India 
RESPONIND,Responsive Industries 
RGL,Renaissance Global 
RHFL,Reliance Home Finance 
RHIM,RHI MAGNESITA INDIA 
RHL,Robust Hotels 
RICOAUTO,Rico Auto Industries 
RIIL,Reliance Industrial Infrastructure 
RISHABH,Rishabh Instruments 
RITCO,Ritco Logistics 
RITES,RITES 
RKDL,Ravi Kumar Distilleries 
RKEC,RKEC Projects 
RKFORGE,Ramkrishna Forgings 
RML,Rane (Madras) 
ROHLTD,Royal Orchid Hotels 
ROLEXRINGS,Rolex Rings 
ROLLT,Rollatainers 
ROML,Raj Oil Mills 
ROSSARI,Rossari Biotech 
ROSSELLIND,Rossell India 
ROTO,Roto Pumps 
ROUTE,ROUTE MOBILE 
RPGLIFE,RPG Life Sciences 
RPOWER,Reliance Power 
RPPINFRA,R.P.P. Infra Projects 
RPPL,Rajshree Polypack 
RPSGVENT,RPSG VENTURES 
RPTECH,Rashi Peripherals 
RRKABEL,R R Kabel 
RSSOFTWARE,R. S. Software (India) 
RSWM,RSWM 
RSYSTEMS,R Systems International 
RTNINDIA,RattanIndia Enterprises 
RTNPOWER,RattanIndia Power 
RUBYMILLS,The Ruby Mills 
RUCHINFRA,Ruchi Infrastructure 
RUCHIRA,Ruchira Papers 
RUPA,Rupa & Company 
RUSHIL,Rushil Decor 
RUSTOMJEE,Keystone Realtors 
RVHL,Ravinder Heights 
RVNL,Rail Vikas Nigam 
S&SPOWER,S&S Power Switchgears 
SABEVENTS,Sab Events & Governance Now Media 
SADBHAV,Sadbhav Engineering 
SADBHIN,Sadbhav Infrastructure Project 
SADHNANIQ,Sadhana Nitrochem 
SAFARI,Safari Industries (India) 
SAGARDEEP,Sagardeep Alloys 
SAGCEM,Sagar Cements 
SAH,Sah Polymers 
SAHYADRI,Sahyadri Industries 
SAIL,Steel Authority of India 
SAKAR,Sakar Healthcare 
SAKHTISUG,Sakthi Sugars 
SAKSOFT,Saksoft 
SAKUMA,Sakuma Exports 
SALASAR,Salasar Techno Engineering 
SALONA,Salona Cotspin 
SALSTEEL,S.A.L. Steel 
SALZERELEC,Salzer Electronics 
SAMBHAAV,Sambhaav Media 
SAMHI,Samhi Hotels 
SAMPANN,Sampann Utpadan India 
SANCO,Sanco Industries 
SANDESH,The Sandesh 
SANDHAR,Sandhar Technologies 
SANDUMA,Sandur Manganese & Iron Ores 
SANGAMIND,Sangam (India) 
SANGHIIND,Sanghi Industries 
SANGHVIMOV,Sanghvi Movers 
SANGINITA,Sanginita Chemicals 
SANOFI,Sanofi India 
SANSERA,Sansera Engineering 
SAPPHIRE,Sapphire Foods India 
SARDAEN,Sarda Energy & Minerals 
SAREGAMA,Saregama India 
SARLAPOLY,Sarla Performance Fibers 
SARVESHWAR,Sarveshwar Foods 
SASKEN,Sasken Technologies 
SASTASUNDR,Sastasundar Ventures 
SATIA,Satia Industries 
SATIN,Satin Creditcare Network 
SATINDLTD,Sat Industries 
SAURASHCEM,Saurashtra Cement 
SBC,SBC Exports 
SBCL,Shivalik Bimetal Controls 
SBFC,SBFC Finance 
SBGLP,Suratwwala Business Group 
SBICARD,SBI Cards and Payment Services 
SBILIFE,SBI Life Insurance Company 
SBIN,State Bank of India
SCHAEFFLER,Schaeffler India 
SCHAND,S Chand And Company 
SCHNEIDER,Schneider Electric Infrastructure 
SCI,Shipping Corporation Of India 
SCPL,Sheetal Cool Products 
SDBL,Som Distilleries & Breweries 
SEAMECLTD,Seamec 
SECMARK,SecMark Consultancy 
SECURCRED,SecUR Credentials 
SECURKLOUD,SECUREKLOUD TECHNOLOGIES 
SEJALLTD,Sejal Glass 
SELAN,Selan Exploration Technology 
SELMC,SEL Manufacturing Company 
SEMAC,SEMAC CONSULTANTS 
SENCO,Senco Gold 
SEPC,SEPC 
SEQUENT,Sequent Scientific 
SERVOTECH,Servotech Power Systems 
SESHAPAPER,Seshasayee Paper and Boards 
SETCO,Setco Automotive 
SEYAIND,Seya Industries 
SFL,Sheela Foam 
SGIL,Synergy Green Industries 
SGL,STL Global 
SHAH,Shah Metacorp 
SHAHALLOYS,Shah Alloys 
SHAILY,Shaily Engineering Plastics 
SHAKTIPUMP,Shakti Pumps (India) 
SHALBY,Shalby 
SHALPAINTS,Shalimar Paints 
SHANKARA,Shankara Building Products 
SHANTI,Shanti Overseas (India) 
SHANTIGEAR,Shanthi Gears 
SHARDACROP,Sharda Cropchem 
SHARDAMOTR,Sharda Motor Industries 
SHAREINDIA,Share India Securities 
SHEMAROO,Shemaroo Entertainment 
SHILPAMED,Shilpa Medicare 
SHIVALIK,Shivalik Rasayan 
SHIVAMAUTO,Shivam Autotech 
SHIVAMILLS,Shiva Mills 
SHIVATEX,Shiva Texyarn 
SHK,S H Kelkar and Company 
SHOPERSTOP,Shoppers Stop 
SHRADHA,Shradha Infraprojects 
SHREDIGCEM,Shree Digvijay Cement Co.
SHREECEM,SHREE CEMENT 
SHREEPUSHK,Shree Pushkar Chemicals & Fertilisers 
SHREERAMA,Shree Rama Multi-Tech 
SHRENIK,Shrenik 
SHREYANIND,Shreyans Industries 
SHREYAS,Shreyas Shipping & Logistics 
SHRIPISTON,Shriram Pistons & Rings 
SHRIRAMFIN,Shriram Finance 
SHRIRAMPPS,Shriram Properties 
SHYAMCENT,Shyam Century Ferrous 
SHYAMMETL,Shyam Metalics and Energy 
SHYAMTEL,Shyam Telecom 
SICALLOG,Sical Logistics 
SIEMENS,Siemens 
SIGACHI,Sigachi Industries 
SIGIND,Signet Industries 
SIGMA,Sigma Solve 
SIGNATURE,Signatureglobal (India) 
SIGNPOST,Signpost India 
SIKKO,Sikko Industries 
SIL,Standard Industries 
SILGO,Silgo Retail 
SILGO-RE,Silgo Retail -RE
SILINV,SIL Investments 
SILLYMONKS,Silly Monks Entertainment 
SILVERTUC,Silver Touch Technologies 
SIMBHALS,Simbhaoli Sugars 
SIMPLEXINF,Simplex Infrastructures 
SINDHUTRAD,Sindhu Trade Links 
SINTERCOM,Sintercom India 
SIRCA,Sirca Paints India 
SIS,SIS 
SITINET,Siti Networks 
SIYSIL,Siyaram Silk Mills 
SJS,S.J.S. Enterprises 
SJVN,SJVN 
SKFINDIA,SKF India 
SKIPPER,Skipper 
SKMEGGPROD,SKM Egg Products Export (India) 
SKYGOLD,Sky Gold 
SMARTLINK,Smartlink Holdings 
SMCGLOBAL,SMC Global Securities 
SMLISUZU,SML Isuzu 
SMLT,Sarthak Metals 
SMSLIFE,SMS Lifesciences India 
SMSPHARMA,SMS Pharmaceuticals 
SNOWMAN,Snowman Logistics 
SOBHA,Sobha 
SOFTTECH,Softtech Engineers 
SOLARA,Solara Active Pharma Sciences 
SOLARINDS,Solar Industries India 
SOMANYCERA,Somany Ceramics 
SOMATEX,Soma Textiles & Industries 
SOMICONVEY,Somi Conveyor Beltings 
SONACOMS,Sona BLW Precision Forgings 
SONAMLTD,SONAM 
SONATSOFTW,Sonata Software 
SOTL,Savita Oil Technologies 
SOUTH-RE,South Indian Bank -RE
SOUTHBANK,The South Indian Bank 
SOUTHWEST,South West Pinnacle Exploration 
SPAL,S. P. Apparels 
SPANDANA,Spandana Sphoorty Financial 
SPARC,Sun Pharma Advanced Research Company 
SPCENET,Spacenet Enterprises India 
SPECIALITY,Speciality Restaurants 
SPENCERS,Spencer's Retail 
SPIC,Southern Petrochemicals Industries Corporation  
SPLIL,SPL Industries 
SPLPETRO,Supreme Petrochem 
SPMLINFRA,SPML Infra 
SPORTKING,Sportking India 
SPTL,Sintex Plastics Technology 
SPYL,Shekhawati Poly-Yarn 
SREEL,Sreeleathers 
SRF,SRF 
SRGHFL,SRG Housing Finance 
SRHHYPOLTD,Sree Rayalaseema Hi-Strength Hypo 
SRPL,Shree Ram Proteins 
SSWL,Steel Strips Wheels 
STAR,Strides Pharma Science 
STARCEMENT,Star Cement 
STARHEALTH,Star Health and Allied Insurance Company 
STARPAPER,Star Paper Mills 
STARTECK,Starteck Finance 
STCINDIA,The State Trading Corporation of India 
STEELCAS,Steelcast 
STEELCITY,Steel City Securities 
STEELXIND,STEEL EXCHANGE INDIA 
STEL,Stel Holdings 
STERTOOLS,Sterling Tools 
STLTECH,Sterlite Technologies 
STOVEKRAFT,Stove Kraft 
STYLAMIND,Stylam Industries 
STYRENIX,Styrenix Performance Materials 
SUBEXLTD,Subex 
SUBROS,Subros 
SUDARSCHEM,Sudarshan Chemical Industries 
SUKHJITS,Sukhjit Starch & Chemicals 
SULA,Sula Vineyards 
SUMEETINDS,Sumeet Industries 
SUMICHEM,Sumitomo Chemical India 
SUMIT,Sumit Woods 
SUMMITSEC,Summit Securities 
SUNCLAY,Sundaram Clayton 
SUNDARAM,Sundaram Multi Pap 
SUNDARMFIN,Sundaram Finance 
SUNDARMHLD,Sundaram Finance Holdings 
SUNDRMBRAK,Sundaram Brake Linings 
SUNDRMFAST,Sundram Fasteners 
SUNFLAG,Sunflag Iron And Steel Company 
SUNPHARMA,Sun Pharmaceutical Industries 
SUNTECK,Sunteck Realty 
SUNTV,Sun TV Network 
SUPERHOUSE,Superhouse 
SUPERSPIN,Super Spinning Mills 
SUPRAJIT,Suprajit Engineering 
SUPREMEIND,Supreme Industries 
SUPREMEINF,Supreme Infrastructure India 
SUPRIYA,Supriya Lifescience 
SURAJEST,Suraj Estate Developers 
SURANASOL,Surana Solar 
SURANAT&P,Surana Telecom and Power 
SURYALAXMI,Suryalakshmi Cotton Mills 
SURYAROSNI,Surya Roshni 
SURYODAY,Suryoday Small Finance Bank 
SUTLEJTEX,Sutlej Textiles and Industries 
SUULD,Suumaya Industries 
SUVEN,Suven Life Sciences 
SUVENPHAR,Suven Pharmaceuticals 
SUVIDHAA,Suvidhaa Infoserve 
SUZLON,Suzlon Energy 
SVLL,Shree Vasu Logistics 
SVPGLOB,SVP GLOBAL TEXTILES 
SWANENERGY,Swan Energy 
SWARAJENG,Swaraj Engines 
SWELECTES,Swelect Energy Systems 
SWSOLAR,Sterling and Wilson Renewable Energy 
SYMPHONY,Symphony 
SYNCOMF,Syncom Formulations (India) 
SYNGENE,Syngene International 
SYRMA,Syrma SGS Technology 
TAINWALCHM,Tainwala Chemical and Plastic (I) 
TAJGVK,Taj GVK Hotels & Resorts 
TAKE,Take Solutions 
TALBROAUTO,Talbros Automotive Components 
TANLA,Tanla Platforms 
TARAPUR,Tarapur Transformers 
TARC,Anant Raj Global 
TARMAT,Tarmat 
TARSONS,Tarsons Products 
TASTYBITE,Tasty Bite Eatables 
TATACHEM,Tata Chemicals 
TATACOMM,Tata Communications 
TATACONSUM,TATA CONSUMER PRODUCTS 
TATAELXSI,Tata Elxsi 
TATAINVEST,Tata Investment Corporation 
TATAMOTORS,Tata Motors 
TATAMTRDVR,Tata Motors 
TATAPOWER,Tata Power Company 
TATASTEEL,Tata Steel 
TATATECH,Tata Technologies 
TATVA,Tatva Chintan Pharma Chem 
TBZ,Tribhovandas Bhimji Zaveri 
TCI,Transport Corporation of India 
TCIEXP,TCI Express 
TCLCONS,Tantia Constructions 
TCNSBRANDS,TCNS Clothing Co. 
TCPLPACK,TCPL Packaging 
TCS,Tata Consultancy Services 
TDPOWERSYS,TD Power Systems 
TEAMLEASE,Teamlease Services 
TECHIN,Techindia Nirman 
TECHM,Tech Mahindra 
TECHNOE,Techno Electric & Engineering Company 
TECILCHEM,TECIL Chemicals and Hydro Power 
TEGA,Tega Industries 
TEJASNET,Tejas Networks 
TEMBO,Tembo Global Industries 
TERASOFT,Tera Software 
TEXINFRA,Texmaco Infrastructure & Holdings 
TEXMOPIPES,Texmo Pipes and Products 
TEXRAIL,Texmaco Rail & Engineering 
TFCILTD,Tourism Finance Corporation of India 
TFL,Transwarranty Finance 
TGBHOTELS,TGB Banquets And Hotels 
THANGAMAYL,Thangamayil Jewellery 
THEINVEST,The Investment Trust Of India 
THEJO,Thejo Engineering 
THEMISMED,Themis Medicare 
THERMAX,Thermax 
THOMASCOOK,Thomas Cook  (India)  
THOMASCOTT,Thomas Scott (India) 
THYROCARE,Thyrocare Technologies 
TI,Tilaknagar Industries 
TIDEWATER,Tide Water Oil Company (India) 
TIIL,Technocraft Industries (India) 
TIINDIA,Tube Investments of India 
TIJARIA,Tijaria Polypipes 
TIL,TIL 
TIMESGTY,Times Guaranty 
TIMETECHNO,Time Technoplast 
TIMKEN,Timken India 
TIPSFILMS,Tips Films 
TIPSINDLTD,TIPS Industries 
TIRUMALCHM,Thirumalai Chemicals 
TIRUPATIFL,Tirupati Forge 
TITAGARH,TITAGARH RAIL SYSTEMS 
TITAN,Titan Company 
TMB,Tamilnad Mercantile Bank 
TNPETRO,Tamilnadu PetroProducts 
TNPL,Tamil Nadu Newsprint & Papers 
TNTELE,Tamilnadu Telecommunication 
TOKYOPLAST,Tokyo Plast International 
TORNTPHARM,Torrent Pharmaceuticals 
TORNTPOWER,Torrent Power 
TOTAL,Total Transport Systems 
TOUCHWOOD,Touchwood Entertainment 
TPHQ,Teamo Productions HQ 
TPLPLASTEH,TPL Plastech 
TRACXN,Tracxn Technologies 
TREEHOUSE,Tree House Education & Accessories 
TREJHARA,TREJHARA SOLUTIONS 
TREL,Transindia Real Estate 
TRENT,Trent 
TRF,TRF 
TRIDENT,Trident 
TRIGYN,Trigyn Technologies 
TRIL,Transformers And Rectifiers (India) 
TRITURBINE,Triveni Turbine 
TRIVENI,Triveni Engineering & Industries 
TRU,TruCap Finance 
TTKHLTCARE,TTK Healthcare 
TTKPRESTIG,TTK Prestige 
TTL,T T 
TTML,Tata Teleservices (Maharashtra) 
TV18BRDCST,TV18 Broadcast 
TVSELECT,TVS Electronics 
TVSHLTD,TVS Holdings 
TVSMOTOR,TVS Motor Company 
TVSSCS,TVS Supply Chain Solutions 
TVSSRICHAK,TVS Srichakra 
TVTODAY,TV Today Network 
TVVISION,TV Vision 
UBL,United Breweries 
UCAL,UCAL 
UCOBANK,UCO Bank
UDS,Updater Services 
UFLEX,UFLEX 
UFO,UFO Moviez India 
UGARSUGAR,The Ugar Sugar Works 
UGROCAP,Ugro Capital 
UJJIVAN,Ujjivan Financial Services 
UJJIVANSFB,Ujjivan Small Finance Bank 
ULTRACEMCO,UltraTech Cement 
UMAEXPORTS,Uma Exports 
UMANGDAIRY,Umang Dairies 
UMESLTD,Usha Martin Education & Solutions 
UNICHEMLAB,Unichem Laboratories 
UNIDT,United Drilling Tools 
UNIENTER,Uniphos Enterprises 
UNIINFO,Uniinfo Telecom Services 
UNIONBANK,Union Bank of India
UNIPARTS,Uniparts India 
UNITECH,Unitech 
UNITEDPOLY,United Polyfab Gujarat 
UNITEDTEA,The United Nilgiri Tea Estates Company 
UNIVASTU,Univastu India 
UNIVCABLES,Universal Cables 
UNIVPHOTO,Universus Photo Imagings 
UNOMINDA,UNO Minda 
UPL,UPL 
URAVI,Uravi T and Wedge Lamps 
URJA,Urja Global 
USHAMART,Usha Martin 
USK,Udayshivakumar Infra 
UTIAMC,UTI Asset Management Company 
UTKARSHBNK,Utkarsh Small Finance Bank 
UTTAMSUGAR,Uttam Sugar Mills 
V2RETAIL,V2 Retail 
VADILALIND,Vadilal Industries 
VAIBHAVGBL,Vaibhav Global 
VAISHALI,Vaishali Pharma 
VAKRANGEE,Vakrangee 
VALIANTLAB,Valiant Laboratories 
VALIANTORG,Valiant Organics 
VARDHACRLC,Vardhman Acrylics 
VARDMNPOLY,Vardhman Polytex 
VARROC,Varroc Engineering 
VASCONEQ,Vascon Engineers 
VASWANI,Vaswani Industries 
VBL,Varun Beverages 
VCL,Vaxtex Cotfab 
VEDL,Vedanta 
VENKEYS,Venky's (India) 
VENUSPIPES,Venus Pipes & Tubes 
VENUSREM,Venus Remedies 
VERANDA,Veranda Learning Solutions 
VERTOZ,Vertoz Advertising 
VESUVIUS,Vesuvius India 
VETO,Veto Switchgears And Cables 
VGUARD,V-Guard Industries 
VHL,Vardhman Holdings 
VIDHIING,Vidhi Specialty Food Ingredients 
VIJAYA,Vijaya Diagnostic Centre 
VIJIFIN,Viji Finance 
VIKASECO,Vikas EcoTech 
VIKASLIFE,Vikas Lifecare 
VIMTALABS,Vimta Labs 
VINATIORGA,Vinati Organics 
VINDHYATEL,Vindhya Telelinks 
VINEETLAB,Vineet Laboratories 
VINNY,Vinny Overseas 
VINYLINDIA,Vinyl Chemicals (India) 
VIPCLOTHNG,VIP Clothing 
VIPIND,VIP Industries 
VIPULLTD,Vipul 
VIRINCHI,Virinchi 
VISAKAIND,Visaka Industries 
VISESHINFO,Visesh Infotecnics 
VISHNU,Vishnu Chemicals 
VISHWARAJ,Vishwaraj Sugar Industries 
VIVIDHA,Visagar Polytex 
VLEGOV,VL E-Governance & IT Solutions 
VLSFINANCE,VLS Finance 
VMART,V-Mart Retail 
VOLTAMP,Voltamp Transformers 
VOLTAS,Voltas 
VPRPL,Vishnu Prakash R Punglia 
VRLLOG,VRL Logistics 
VSSL,Vardhman Special Steels 
VSTIND,VST Industries 
VSTL,Vibhor Steel Tubes 
VSTTILLERS,V.S.T Tillers Tractors 
VTL,Vardhman Textiles 
WABAG,VA Tech Wabag 
WALCHANNAG,Walchandnagar Industries 
WANBURY,Wanbury 
WEALTH,Wealth First Portfolio Managers 
WEBELSOLAR,Websol Energy System 
WEIZMANIND,Weizmann 
WEL,Wonder Electricals 
WELCORP,Welspun Corp 
WELENT,Welspun Enterprises 
WELINV,Welspun Investments and Commercials 
WELSPUNLIV,Welspun Living 
WENDT,Wendt (India) 
WESTLIFE,WESTLIFE FOODWORLD 
WEWIN,WE WIN 
WHEELS,Wheels India 
WHIRLPOOL,Whirlpool of India 
WILLAMAGOR,Williamson Magor & Company 
WINDLAS,Windlas Biotech 
WINDMACHIN,Windsor Machines 
WINSOME,Winsome Yarns 
WIPL,The Western India Plywoods 
WIPRO,Wipro 
WOCKPHARMA,Wockhardt 
WONDERLA,Wonderla Holidays 
WORTH,Worth Peripherals 
WSI,W S Industries (I) 
WSTCSTPAPR,West Coast Paper Mills 
XCHANGING,Xchanging Solutions 
XELPMOC,Xelpmoc Design And Tech 
XPROINDIA,Xpro India 
YAARI,Yaari Digital Integrated Services 
YASHO,Yasho Industries 
YATHARTH,Yatharth Hospital & Trauma Care Services 
YATRA,Yatra Online 
YESBANK,Yes Bank 
YUKEN,Yuken India 
ZAGGLE,Zaggle Prepaid Ocean Services 
ZEEL,Zee Entertainment Enterprises 
ZEELEARN,Zee Learn 
ZEEMEDIA,Zee Media Corporation 
ZENITHEXPO,Zenith Exports 
ZENITHSTL,Zenith Steel Pipes & Industries 
ZENSARTECH,Zensar Technologies 
ZENTEC,Zen Technologies 
ZFCVINDIA,ZF Commercial Vehicle Control Systems India 
ZIMLAB,Zim Laboratories 
ZODIAC,Zodiac Energy 
ZODIACLOTH,Zodiac Clothing Company 
ZOMATO,Zomato 
ZOTA,Zota Health Care 
ZUARI,Zuari Agro Chemicals 
ZUARIIND,ZUARI INDUSTRIES 
ZYDUSLIFE,Zydus Lifesciences 
ZYDUSWELL,Zydus Wellness 
